ESCWA/EDID/2018/1/SUMMARY	07/04/2018	I1800146	SURVEY OF ECONOMIC AND SOCIAL DEVELOPMENTS IN THE ARAB REGION 2017-2018 : SUMMARY		T0000681;T0004296;T0004268;T0000667;T0005529
E/ESCWA/2017/EC.4/3	12/05/2017	I1700752	FOLLOW-UP ISSUES : ECONOMIC AND SOCIAL COMMISSION FOR WESTERN ASIA (ESCWA). EXECUTIVE COMMITTEE, FOURTH MEETING, BEIRUT, 13 - 14 DECEMBER 2017	قضايا المتابعة : اللجنة الاقتصادية والاجتماعية لغربي آسيا. اللجنة التنفيذية، الاجتماع الرابع، بيروت، 13 - 14 كانون الاول/ديسمبر 2017	T0001129;T0006000;T0013560;T0000039;T0006045;T0006023;T0005529;T0007920
E/ESCWA/2017/EC.4/3(PART II)	11/28/2017	I1700720	FOLLOW-UP ISSUES : ACTION TAKEN PURSUANT TO THE DOHA DECLARATION ON THE IMPLEMENTATION OF THE 2030 AGENDA FOR SUSTAINABLE DEVELOPMENT IN THE ARAB STATES : ECONOMIC AND SOCIAL COMMISSION FOR WESTERN ASIA (ESCWA). EXECUTIVE COMMITTEE, FOURTH MEETING, BEIRUT, 13 - 14 DECEMBER 2017	قضايا المتابعة : تنفيذ اعلان الدوحة بشأن خطة التنمية المستدامة لعام 2030 في الدول العربية : اللجنة الاقتصادية والاجتماعية لغربي آسيا. اللجنة التنفيذية، الاجتماع الرابع، بيروت، 13 - 14 كانون الاول/ديسمبر 2017	T0001129;T0013560;T0006045;T0006023;T0000039;T0007920
E/ESCWA/2017/EC.4/3(PART I)	11/28/2017	I1700722	FOLLOW-UP ISSUES : IMPLEMENTATION OF RECOMMENDATIONS MADE BY THE EXECUTIVE COMMITTEE AT ITS THIRD MEETING : ECONOMIC AND SOCIAL COMMISSION FOR WESTERN ASIA (ESCWA). EXECUTIVE COMMITTEE, FOURTH MEETING, BEIRUT, 13 - 14 DECEMBER 2017	قضايا المتابعة : تنفيذ التوصيات الصادرة عن اللجنة التنفيذية في اجتماعها الثالث : اللجنة الاقتصادية والاجتماعية لغربي آسيا. اللجنة التنفيذية، الاجتماع الرابع، بيروت، 13 - 14 كانون الاول/ديسمبر 2017	T0001129;T0000039;T0006023;T0006045;T0005151;T0010278;T0006159;T0013560;T0005529;T0007920
E/ESCWA/2017/EC.4/4	12/12/2017	I1700753	REGIONAL AND GLOBAL ISSUES : ECONOMIC AND SOCIAL COMMISSION FOR WESTERN ASIA (ESCWA). EXECUTIVE COMMITTEE, FOURTH MEETING, BEIRUT, 13 - 14 DECEMBER 2017	القضايا الاقليمية والعالمية : اللجنة الاقتصادية والاجتماعية لغربي آسيا. اللجنة التنفيذية، الاجتماع الرابع، بيروت، 13 - 14 كانون الاول/ديسمبر 2017	T0000930;T0005151;T0010419;T0004246;T0010688;T0006023;T0006045;T0005529;T0007920
E/ESCWA/2017/EC.4/4(PART III)	11/20/2018	I1700702	REGIONAL AND GLOBAL ISSUES : PROPOSAL FOR ESTABLISHING AN ARAB CENTRE FOR CLIMATE POLICIES : ECONOMIC AND SOCIAL COMMISSION FOR WESTERN ASIA (ESCWA). EXECUTIVE COMMITTEE, FOURTH MEETING, BEIRUT, 13 - 14 DECEMBER 2017	القضايا الاقليمية والعالمية : مقترح بشأن تخصيص مركز عربي لسياسات المناخ : اللجنة الاقتصادية والاجتماعية لغربي آسيا. اللجنة التنفيذية، الاجتماع الرابع، بيروت، 13 - 14 كانون الاول/ديسمبر 2017	T0005151;T0000039;T0000714;T0010442;T0005529;T0006023;T0007920
E/ESCWA/2017/EC.4/4(PART II)	11/01/2017	I1700644	REGIONAL AND GLOBAL ISSUES : IMPLEMENTATION MECHANISMS OF THE ADDIS ABABA ACTION AGENDA : GLOBAL COMMITMENTS VERSUS ARAB PRIORITIES IN THE FIELD OF FINANCING FOR DEVELOPMENT : ECONOMIC AND SOCIAL COMMISSION FOR WESTERN ASIA (ESCWA). EXECUTIVE COMMITTEE, FOURTH MEETING, BEIRUT, 13 - 14 DECEMBER 2017	القضايا الاقليمية والعالمية : آليات تنفيذ خطة عمل اديس ابابا : الالتزامات العالمية مقابل اولويات المنطقة العربية في مجال تمويل التنمية : اللجنة الاقتصادية والاجتماعية لغربي آسيا. اللجنة التنفيذية، الاجتماع الرابع، بيروت، 13 - 14 كانون الاول/ديسمبر 2017	T0000930;T0001129;T0010458;T0002668;T0006023;T0007920;T0005529
E/ESCWA/2017/EC.4/4(PART I)	11/01/2017	I1700642	REGIONAL AND GLOBAL ISSUES : THE ARAB FINANCING FOR DEVELOPMENT SCORECARD : OVERALL RESULTS : ECONOMIC AND SOCIAL COMMISSION FOR WESTERN ASIA (ESCWA). EXECUTIVE COMMITTEE, FOURTH MEETING, BEIRUT, 13 - 14 DECEMBER 2017	القضايا الاقليمية والعالمية : بطاقة اداء تمويل التنمية في المنطقة العربية : لمحة عن النتائج : اللجنة الاقتصادية والاجتماعية لغربي آسيا. اللجنة التنفيذية، الاجتماع الرابع، بيروت، 13 - 14 كانون الاول/ديسمبر 2017	T0000930;T0006045;T0006023;T0001129;T0007920;T0005529
E/ESCWA/2017/EC.4/4(PART VII)	11/01/2017	I1700646	REGIONAL AND GLOBAL ISSUES : THE ECONOMIC COST OF VIOLENCE AGAINST WOMEN : ECONOMIC AND SOCIAL COMMISSION FOR WESTERN ASIA (ESCWA). EXECUTIVE COMMITTEE, FOURTH MEETING, BEIRUT, 13 - 14 DECEMBER 2017	حساب التكلفة الاقتصادية للعنف ضد المرأة : اللجنة الاقتصادية والاجتماعية لغربي آسيا. اللجنة التنفيذية، الاجتماع الرابع، بيروت، 13 - 14 كانون الاول/ديسمبر 2017	T0010419;T0005928;T0002811;T0002815;T0006159;T0006023;T0005529;T0007920
E/ESCWA/2017/EC.4/4(PART VI)	11/02/2017	I1700650	REGIONAL AND GLOBAL ISSUES : ESCWA VISION ON POST-CONFLICT RECOVERY : TOWARDS MORE EFFECTIVE DEVELOPMENT OUTCOMES : ECONOMIC AND SOCIAL COMMISSION FOR WESTERN ASIA (ESCWA). EXECUTIVE COMMITTEE, FOURTH MEETING, BEIRUT, 13 - 14 DECEMBER 2017	القضايا الاقليمية والعالمية : رؤية الاسكوا للانعاش بعد انتهاء النزاع : نتائج انمائية اكثر فعالية  : اللجنة الاقتصادية والاجتماعية لغربي آسيا. اللجنة التنفيذية، الاجتماع الرابع، بيروت، 13 - 14 كانون الاول/ديسمبر 2017	T0010688;T0005991;T0005928;T0006045;T0005996;T0000756;T0010257;T0000128;T0005529;T0006023;T0007920
E/ESCWA/2017/EC.4/4(PART V)	11/15/2017	I1700688	REGIONAL AND GLOBAL ISSUES : MULTIDIMENSIONAL POVERTY IN THE ARAB REGION : ECONOMIC AND SOCIAL COMMISSION FOR WESTERN ASIA (ESCWA). EXECUTIVE COMMITTEE, FOURTH MEETING, BEIRUT, 13 - 14 DECEMBER 2017	القضايا الاقليمية والعالمية : الفقر المتعدد الابعاد في المنطقة العربية : اللجنة الاقتصادية والاجتماعية لغربي آسيا. اللجنة التنفيذية، الاجتماع الرابع، بيروت، 13 - 14 كانون الاول/ديسمبر 2017	T0004246;T0004342;T0002797;T0004347;T0002769;T0006023;T0005529;T0007920
E/ESCWA/2017/EC.4/5	12/05/2017	I1700754	SESSION REPORTS OF ESCWA SUBSIDIARY BODIES : ECONOMIC AND SOCIAL COMMISSION FOR WESTERN ASIA (ESCWA). EXECUTIVE COMMITTEE, FOURTH MEETING, BEIRUT, 13 - 14 DECEMBER 2017	تقارير الهيئات الفرعية للاسكوا عن دوراتها : اللجنة الاقتصادية والاجتماعية لغربي آسيا. اللجنة التنفيذية، الاجتماع الرابع، بيروت، 13 - 14 كانون الاول/ديسمبر 2017	T0006045;T0006023;T0001406;T0001251;T0000896;T0005949;T0005529;T0007920
E/ESCWA/2017/EC.4/6	11/24/2017	I1700716		برنامج التعاون الفني في الاسكوا : التقدم المحرز في تنفيذ الانشطة المقررة : اللجنة الاقتصادية والاجتماعية لغربي آسيا. اللجنة التنفيذية، الاجتماع الرابع، بيروت، 13 - 14 كانون الاول/ديسمبر 2017	T0000756;T0007909;T0006045;T0000769;T0005529;T0001129;T0007920
E/ESCWA/2017/EC.4/7	12/04/2017	I1700743		التحضيرات الجارية للدورة الثلاثين للاسكو1 : اللجنة الاقتصادية والاجتماعية لغربي آسيا. اللجنة التنفيذية، الاجتماع الرابع، بيروت، 13 - 14 كانون الاول/ديسمبر 2017	T0001129;T0007920;T0006045;T0005915;T0005923;T0005529
E/ESCWA/2017/EC.4/9/REPORT	01/24/2018	I1800040	REPORT : FOURTH MEETING OF THE EXECUTIVE COMMITTEE, BEIRUT, 13 - 14 DECEMBER 2017		T0000039;T0006045;T0000930;T0005151;T0004342;T0002313;T0010419;T0001407;T0001251;T0005529;T0007920
E/ESCWA/2017/EC.4/INF.1	11/29/2017	I1700737	INFORMATION NOTE : ECONOMIC AND SOCIAL COMMISSION FOR WESTERN ASIA (ESCWA). EXECUTIVE COMMITTEE, FOURTH MEETING, BEIRUT, 13 - 14 DECEMBER 2017	مذكرة توضيحية : اللجنة الاقتصادية والاجتماعية لغربي آسيا. اللجنة التنفيذية، الاجتماع الرابع، بيروت، 13 - 14 كانون الاول/ديسمبر 2017	T0006023;T0004792;T0000039;T0005529;T0007920;T0005923
E/ESCWA/2017/EC.4/INF.2	12/11/2017	I1700755	LIST OF DOCUMENTS : ECONOMIC AND SOCIAL COMMISSION FOR WESTERN ASIA (ESCWA). EXECUTIVE COMMITTEE, FOURTH MEETING, BEIRUT, 13 - 14 DECEMBER 2017	قائمة بالوثائق : اللجنة الاقتصادية والاجتماعية لغربي آسيا. اللجنة التنفيذية، الاجتماع الرابع، بيروت، 13 - 14 كانون الاول/ديسمبر 2017	T0000039;T0006045;T0006000;T0004781;T0006023;T0007920
E/ESCWA/2017/EC.4/L.1	12/11/2017	I1700735	PROVISIONAL AGENDA AND ANNOTATIONS : ECONOMIC AND SOCIAL COMMISSION FOR WESTERN ASIA (ESCWA). EXECUTIVE COMMITTEE, FOURTH MEETING, BEIRUT, 13 - 14 DECEMBER 2017	جدول الاعمال المؤقت : اللجنة الاقتصادية والاجتماعية لغربي آسيا. اللجنة التنفيذية، الاجتماع الرابع، بيروت، 13 - 14 كانون الاول/ديسمبر 2017	T0006045;T0000039;T0007920;T0005529;T0005915
E/ESCWA/2017/EC.4/L.2	12/08/2017	I1700762	ORGANIZATION OF WORK : NOTE BY THE SECRETARIAT : ECONOMIC AND SOCIAL COMMISSION FOR WESTERN ASIA (ESCWA). EXECUTIVE COMMITTEE, FOURTH MEETING, BEIRUT, 13 - 14 DECEMBER 2017	تنظيم الاعمال : مذكرة من الامانة التنفيذية  : اللجنة الاقتصادية والاجتماعية لغربي آسيا. اللجنة التنفيذية، الاجتماع الرابع، بيروت، 13 - 14 كانون الاول/ديسمبر 2017	T0006045;T0006023;T0000039;T0005529;T0007920
E/ESCWA/30/10	06/11/2018	I1800256	IMPLEMENTATION OF THE DOHA DECLARATION AND OTHER RESOLUTIONS ADOPTED BY THE COMMISSION AT ITS TWENTY-NINTH SESSION ; ECONOMIC AND SOCIAL COMMISSION FOR WESTERN ASIA (ESCWA),THIRTIETH SESSION, BEIRUT, 25-28 JUNE 2018		T0001129;T0006346;T0007909;T0006124;T0005529;T0007920;T0006045
E/ESCWA/30/11	05/15/2018	I1800211	REPORTS OF THE EXECUTIVE COMMITTEE : ECONOMIC AND SOCIAL COMMISSION FOR WESTERN ASIA (ESCWA),THIRTIETH SESSION, BEIRUT, 25-28 JUNE 2018		T0006045;T0000039;T0005949;T0007920;T0005547
E/ESCWA/30/12	05/15/2018	I1800213	REPORTS OF THE COMMISSION'S SUBSIDIARY BODIES : ECONOMIC AND SOCIAL COMMISSION FOR WESTERN ASIA (ESCWA),THIRTIETH SESSION, BEIRUT, 25-28 JUNE 2018		T0005994;T0006045;T0005949;T0007920;T0002861;T0002632;T0002311;T0002668;T0005547
E/ESCWA/30/13	05/02/2018	I1800195	PROGRAMME PERFORMANCE IN THE BIENNIUM 2016-2017 ; ECONOMIC AND SOCIAL COMMISSION FOR WESTERN ASIA (ESCWA),THIRTIETH SESSION, BEIRUT, 25-28 JUNE 2018		T0005961;T0007909;T0001939;T0006000;T0006045;T0005547;T0001118;T0000731;T0000672;T0004271;T0004271;T0004946;T0006857;T0000896;T0004190
E/ESCWA/30/14	05/29/2018	I1800236	TECHNICAL COOPERATION AND REGIONAL ADVISORY SERVICES ; ECONOMIC AND SOCIAL COMMISSION FOR WESTERN ASIA (ESCWA),THIRTIETH SESSION, BEIRUT, 25-28 JUNE 2018		T0000756;T0000714;T0010275;T0006045;T0005547;T0007920
E/ESCWA/30/15	04/11/2018	I1800153	FINANCIAL STATUS OF THE COMMISSION : ECONOMIC AND SOCIAL COMMISSION FOR WESTERN ASIA (ESCWA),THIRTIETH SESSION, BEIRUT, 25-28 JUNE 2018		T0005935;T0006045;T0009701;T0000813;T0007909;T0005547;T0007920
E/ESCWA/30/16	04/25/2018	I1800190	PROPOSED AMENDMENTS TO THE STRATEGIC FRAMEWORK AND PROGRAMME OF WORK FOR THE BIENNIUM 2018-2019 : ECONOMIC AND SOCIAL COMMISSION FOR WESTERN ASIA (ESCWA),THIRTIETH SESSION, BEIRUT, 25-28 JUNE 2018		T0006000;T0005962;T0005963;T0005547;T0006045
E/ESCWA/30/17	04/19/2018	I1800171	TECHNOLOGY FOR SUSTAINABLE DEVELOPMENT : CREATING DECENT JOBS AND EMPOWERING YOUTH IN ARAB COUNTRIES : ECONOMIC AND SOCIAL COMMISSION FOR WESTERN ASIA (ESCWA),THIRTIETH SESSION, BEIRUT, 25-28 JUNE 2018		T0004943;T0004946;T0003643;T0013534;T0010646;T0006857;T0001819;T0004924;T0005529;T0006409;T0000151;T0007920
E/ESCWA/30/17/CRP.1	05/17/2018	I1800216	TECHNOLOGY FOR SUSTAINABLE DEVELOPMENT IN THE ARAB REGION ROUNDTABLES : ECONOMIC AND SOCIAL COMMISSION FOR WESTERN ASIA (ESCWA),THIRTIETH SESSION, BEIRUT, 25-28 JUNE 2018		T0004943;T0004946;T0001129;T0005991;T0005928;T0005930;T0005529;T0007920
E/ESCWA/30/18/REPORT	08/13/2018	I1800274	REPORT OF THE THIRTIETH SESSION, 25 - 28 JUNE 2018, ECONOMIC AND SOCIAL COMMISSION FOR WESTERN ASIA, ECONOMIC AND SOCIAL COUNCIL, OFFICIAL RECORDS, SUPPLEMENT NO. 21		T0005949;T0006045;T0005547;T0001129;T0000714;T0000756;T0000667;T0004268;T0006034;T0005529;T0007920
E/ESCWA/30/3	05/15/2018	I1800209	CONSIDERATION OF REQUESTS BY STATES OF THE UNITED NATIONS AND/OR ITS SPECIALIZED AGENCIES THAT ARE NOT MEMBERS OF ESCWA TO PARTICIPATE AS OBSERVERS IN THE THIRTIETH SESSION OF THE COMMISSION, ECONOMIC AND SOCIAL COMMISSION FOR WESTERN ASIA (ESCWA),THIRTIETH SESSION, BEIRUT, 25-28 JUNE 2018		T0006045;T0005547;T0007920;T0006034;T0000184
E/ESCWA/30/4	05/14/2018	I1800206	MEGATRENDS IN THE TRANSPORT SECTOR AND THEIR IMPACT ON THE ARAB REGION (CONCEPT NOTE) : ECONOMIC AND SOCIAL COMMISSION FOR WESTERN ASIA (ESCWA),THIRTIETH SESSION, BEIRUT, 25-28 JUNE 2018		T0002311;T0005928;T0005991;T0004945;T0004984;T0006824;T0005151;T0005529;T0007920
E/ESCWA/30/5	05/24/2018	I1800227	SUPPORT FOR THE PALESTINIAN PEOPLE : IMPACT OF THE ISRAELI OCCUPATION AND PRACTICES, ECONOMIC AND SOCIAL COMMISSION FOR WESTERN ASIA (ESCWA),THIRTIETH SESSION, BEIRUT, 25-28 JUNE 2018		T0005881;P0000586;T0005505;T0000169;T0005928;T0000667;T0009835;T0004268
E/ESCWA/30/6	06/05/2018	I1800250	OUTCOMES OF THE 2018 ARAB FORUM ON SUSTAINABLE DEVELOPMENT, ECONOMIC AND SOCIAL COMMISSION FOR WESTERN ASIA (ESCWA),THIRTIETH SESSION, BEIRUT, 25-28 JUNE 2018		T0001129;T0010624;T0004357;T0000672;T0010458;T0000722;T0001144;T0005529;T0007920
E/ESCWA/30/7	05/23/2018	I1800223	LINKS BETWEEN INFORMATION AND COMMUNICATION TECHNOLOGY PROCESSES AND SUSTAINABLE DEVELOPMENT, ECONOMIC AND SOCIAL COMMISSION FOR WESTERN ASIA (ESCWA),THIRTIETH SESSION, BEIRUT, 25-28 JUNE 2018		T0006386;T0002519;T0001129;T0013306;T0005529;T0007920
E/ESCWA/30/8	05/29/2018	I1800230	PROPOSAL FOR THE ESTABLISHMENT OF AN ARAB CENTRE FOR CLIMATE CHANGE POLICIES AT ESCWA :  ECONOMIC AND SOCIAL COMMISSION FOR WESTERN ASIA (ESCWA),THIRTIETH SESSION, BEIRUT, 25-28 JUNE 2018		T0005151;T0007893;T0005529;T0010275;T0000756;T0000714;T0007920
E/ESCWA/30/9	08/24/2018	I1800204	ACTIVITIES OF THE ESCWA TECHNOLOGY CENTRE OVER THE PERIOD 2016-2017 : ECONOMIC AND SOCIAL COMMISSION FOR WESTERN ASIA (ESCWA),THIRTIETH SESSION, BEIRUT, 25-28 JUNE 2018		T0004946;T0007893;T0006124;T0006045;T0005547;T0005529;T0005996;T0000714;T0007920
E/ESCWA/30/INF.1	06/18/2018	I1800201	INFORMATION FOR PARTICIPANTS, UNITED NATIONS ECONOMIC AND SOCIAL COMMISSION FOR WESTERN ASIA (ESCWA), THIRTIETH SESSION, BEIRUT, 25-28 JUNE 2018		T0006045;T0005547;T0005957;T0004792;T0007920
E/ESCWA/30/INF.2	05/24/2018	I1800233	LIST OF DOCUMENTS : ECONOMIC AND SOCIAL COMMISSION FOR WESTERN ASIA (ESCWA), THIRTIETH SESSION, BEIRUT, 25-28 JUNE 2018		T0006045;T0007920;T0004781;T0005547
E/ESCWA/30/L.1	05/24/2018	I1800225	PROVISIONAL AGENDA AND ANNOTATIONS, ECONOMIC AND SOCIAL COMMISSION FOR WESTERN ASIA (ESCWA),THIRTIETH SESSION, BEIRUT, 25-28 JUNE 2018		T0006045;T0007920;T0005915
E/ESCWA/30/L.2	06/11/2018	I1800261	ORGANIZATION OF WORK : NOTE BY THE SECRETARIAT, ECONOMIC AND SOCIAL COMMISSION FOR WESTERN ASIA (ESCWA),THIRTIETH SESSION, BEIRUT, 25-28 JUNE 2018		T0006045;T0005547;T0005999;T0007920
E/ESCWA/CSS/2018/2	05/02/2018	I1800107	ESCWA PUBLICATIONS CATALOGUE 2016-2017 = ???? ??????? ??????? 2016-2017		T0005975;T0005922;T0006045;T0000731;T0004271;T0004271;T0000896;T0001118;T0001129;T0004190;T0004946;T0005529
E/ESCWA/C.1/19/4(PARTI)/ADD.5	04/01/1997	I9700173	REPORT ON THE ACTIVITIES OF THE TRANSPORT AND COMMUNICATIONS DECADE IN WESTERN ASIA : PHASE 2 (1992-1996)		T0002311;T0002520;T0005547;T0005770;T0006762
E/ESCWA/DOC/36	08/14/2018	I1800194	DOCUMENTS AND PUBLICATIONS ISSUED BY ESCWA FROM 1 JANUARY 2016 TO 31 DECEMBER 2017		T0005975;T0004781;T0006045;T0000731;T0004271;T0004271;T0000896;T0004190;T0001118;T0001129;T0005529
E/ESCWA/ECRI/2017/BACKGROUND PAPER.1	05/08/2017	I1700319		اللامركزية في العراق: نظرة أخرى	T0000032;T0001911;T0010458;T0006159;T0005532
E/ESCWA/ECW/2015/WG.4/REPORT	10/26/2015	I1500432			T0010419;T0003650;T0005942;T0004830;T0005529
E/ESCWA/ECW/2017/2	11/01/2017	I1700383	STATUS OF ARAB WOMEN REPORT 2017 : VIOLENCE AGAINST WOMEN : WHAT IS AT STAKE?		T0010419;T0006047;T0005946;T0013314;T0005529
E/ESCWA/ECW/2017/3	09/19/2017	I1700411	WOMEN’S POLITICAL REPRESENTATION IN THE ARAB REGION		T0003959;T0005533;T0005363;T0005383;T0005342;T0006159;T0009881
E/ESCWA/ECW/2017/4	12/24/2017	I1700571	THE STATE OF GENDER JUSTICE IN THE ARAB REGION		T0010388;T0004281;T0003962;T0006858;T0003959;T0005946;T0005529;T0010419;T0004228;T0000769
E/ESCWA/ECW/2017/IG.1/7/REPORT	11/21/2017	I1700708	REPORT : EIGHTH SESSION OF THE COMMITTEE ON WOMEN, BEIRUT, 4 - 5 OCTOBER 2017	تقرير لجنة المرأة عن دورتها الثامنة، بيروت، 4 - 5 تشرين الاول/اكتوبر 2017	T0006857;T0003962;T0006858;T0013540;T0003955;T0003959;T0010388;T0010419;T0000792;T0006023;T0006045;T0005529;T0007920
E/ESCWA/ECW/2017/TECHNICAL PAPER.2	05/09/2017	I1700318	WOMEN: ARAB HORIZON 2030		T0002861;T0003959;T0003955;T0003695;T0010095;T0010388;T0010624;T0005529;T0006159
E/ESCWA/ECW/2017/TECHNICAL PAPER.4	07/18/2017	I1700602	ESTIMATING COSTS OF MARITAL VIOLENCE  IN THE ARAB REGION : OPERATIONAL MODEL		T0006139;T0002813;T0002815;T0013314;T0005535
E/ESCWA/ECW/2017/TECHNICAL PAPER.5	10/03/2017	I1700589	POLICY BRIEF ROLE OF WOMEN IN PEACEBUILDING PROCESSES		T0002861;T0010116;T0003959;T0005529
E/ESCWA/ECW/2017/TECHNICAL PAPER.6	10/18/2017	I1700609	POLICY BRIEF ON ARAB WOMEN’S ECONOMIC EMPOWERMENT		T0006857;T0003955;T0000731;T0010408;T0000643;T0000638;T0005529;T0003962;T0006858
E/ESCWA/ECW/2017/TECHNICAL PAPER.8	01/05/2018	I1800012			T0010388;T0006857;T0000792;T0005529
E/ESCWA/EDID/2016/IG.1/4(PART I)/REV.1	10/03/2017	I1700581	THE ROLE OF TRANSPORT IN THE CONNECTIVITY TO GLOBAL VALUE CHAINS : ECONOMIC AND SOCIAL COMMISSION FOR WESTERN ASIA (ESCWA) COMMITTEE ON LIBERALIZATION OF FOREIGN TRADE, ECONOMIC GLOBALIZATION AND FINANCING FOR DEVELOPMENT, ELEVENTH SESSION (LIBERALIZATION OF FOREIGN TRADE), BEIRUT, 27 - 28 NOVEMBER 2017	دور النقل في تعزيز الاتصال بسلاسل القيمة العالمية : اللجنة الاقتصادية والاجتماعية لغربي آسيا (الاسكوا). اللجنة المعنية بتحرير التجارة الخارجية والعولمة الاقتصادية وتمويل التنمية، الدورة الحادية عشرة (تحرير التجارة الخارجية)، بيروت، 27 - 28 تشرين الثاني/نوفمبر 2017	T0002311;T0002317;T0009802;T0006023;T0005529;T0007920
E/ESCWA/EDID/2017/1	12/01/2017	I1700600	SURVEY OF ECONOMIC AND SOCIAL DEVELOPMENTS IN THE ARAB REGION 2016-2017		T0000681;T0004296;T0004268;T0004347;T0000667;T0000733;T0005529
E/ESCWA/EDID/2017/2	09/12/2017	I1700537	ARAB MULTIDIMENSIONAL POVERTY REPORT	التقرير العربي حول الفقر المتعدد الأبعاد	T0004246;T0013392;T0001129;T0005991;T0005928;T0002797;T0005529
E/ESCWA/EDID/2017/3	07/25/2017	I1700579	TRANSPORT AND CONNECTIVITY TO GLOBAL VALUE CHAINS: ILLUSTRATIONS FROM THE ARAB REGION		T0002311;T0000261;T0002668;T0002747;T0005529
E/ESCWA/EDID/2017/4/SUMMARY	01/23/2017	I1700733	RETHINKING FISCAL POLICY FOR THE ARAB REGION: SUMMARY	إعادة النظر في السياسة المالية للمنطقة العربية : موجز	T0000799;T0013534;T0000868;T0010312;T0005529
E/ESCWA/EDID/2017/IG.1/3	08/11/2017	I1700466		تنفيذ الانشطة المتعلقة بالنقل واللوجستيات في اطار برنامج عمل الاسكوا والتعاون الفني منذ الدورة السابعة عشرة للجنة النقل واللوجستيات : اللجنة الاقتصادية والاجتماعية لغربي آسيا (الاسكوا). لجنة النقل واللوجستيات، الدورة الثامنة عشرة، بيروت، 20-21 كانون الاول/ديسمبر 2017	T0002311;T0000261;T0006000;T0007909;T0006023;T0005529;T0007920
E/ESCWA/EDID/2017/IG.1/4	11/29/2017	I1700575	ESCWA VISION FOR A MULTIMODIAL TRANSPORT SYSTEM IN THE ARAB REGION : ECONOMIC AND SOCIAL COMMISSION FOR WESTERN ASIA (ESCWA), COMMITTEE ON TRANSPORT AND LOGISTICS, EIGHTEENTH SESSION, 20 - 21 DECEMBER 2017	رؤية الاسكوا لتطوير نظام نقل متعدد الانماط في المنطقة العربية : اللجنة الاقتصادية والاجتماعية لغربي آسيا (الاسكوا). لجنة النقل واللوجستيات، الدورة الثامنة عشرة، بيروت، 20-21 كانون الاول/ديسمبر 2017	T0002311;T0002469;T0006023;T0000261;T0005529;T0007920
E/ESCWA/EDID/2017/IG.1/5	10/03/2017	I1700739	THE ROLE OF TRANSPORT IN THE CONNECTIVITY TO GLOBAL VALUE CHAINS : ECONOMIC AND SOCIAL COMMISSION FOR WESTERN ASIA (ESCWA), COMMITTEE ON TRANSPORT AND LOGISTICS, EIGHTEENTH SESSION, 20 - 21DECEMBER 2017	دور النقل في تعزيز الاتصال بسلاسل القيمة العالمية : اللجنة الاقتصادية والاجتماعية لغربي آسيا (الاسكوا). لجنة النقل واللوجستيات، الدورة الثامنة عشرة، بيروت، 20-21 كانون الاول/ديسمبر 2017	T0002311;T0002317;T0009802;T0006023;T0007920;T0005529
E/ESCWA/EDID/2017/IG.1/6	08/07/2017	I1700446	LOGISTICS PERFORMANCE INDEX IN THE ARAB REGION : COMPONENTS, METHODOLOGY AND SCORES : ECONOMIC AND SOCIAL COMMISSION FOR WESTERN ASIA (ESCWA), COMMITTEE ON TRANSPORT AND LOGISTICS, EIGHTEENTH SESSION, 20 - 21DECEMBER 2017	مؤشر الاداء اللوجستي في المنطقة العربية : مكوناته ومنهجية اعداده ومستوياته : اللجنة الاقتصادية والاجتماعية لغربي آسيا (الاسكوا). لجنة النقل واللوجستيات، الدورة الثامنة عشرة، بيروت، 20-21 كانون الاول/ديسمبر 2017	T0002311;T0000261;T0006023;T0001940;T0005529;T0007920
E/ESCWA/EDID/2017/IG.1/7	08/11/2017	I1700741	IMPLEMENTATION OF TRADE FACILITATION MEASURES IN THE ARAB REGION : ECONOMIC AND SOCIAL COMMISSION FOR WESTERN ASIA (ESCWA), COMMITTEE ON TRANSPORT AND LOGISTICS, EIGHTEENTH SESSION, 20 - 21DECEMBER 2017	تنفيذ تدابير تسهيل التجارة في المنطقة العربية : اللجنة الاقتصادية والاجتماعية لغربي آسيا (الاسكوا). لجنة النقل واللوجستيات، الدورة الثامنة عشرة، بيروت، 20-21 كانون الاول/ديسمبر 2017	T0002311;T0002747;T0006023;T0005529;T0007920
E/ESCWA/EDID/2017/IG.1/8	12/15/2017	I1700783	ROAD SAFETY IN THE ARAB STATES AND CHALLENGES TO IMPLEMENTING THE DECADE OF ACTION FOR ROAD SAFETY 2011 - 2020 : ECONOMIC AND SOCIAL COMMISSION FOR WESTERN ASIA (ESCWA), COMMITTEE ON TRANSPORT AND LOGISTICS, EIGHTEENTH SESSION, 20 - 21 DECEMBER 2017	سلامة المرور في الدول العربية وتحديات تنفيذ عقد العمل من اجل السلامة على الطرق 2011 - 2020 : اللجنة الاقتصادية والاجتماعية لغربي آسيا (الاسكوا). لجنة النقل واللوجستيات، الدورة الثامنة عشرة، بيروت، 20-21 كانون الاول/ديسمبر 2017	T0002311;T0002419;T0002412;T0006023;T0005529;T0007920
E/ESCWA/EDID/2017/IG.1/9/REPORT	01/11/2018	I1800021	REPORT : EIGHTEENTH SESSION OF THE COMMITTEE ON TRANSPORT AND LOGISTICS, BEIRUT, 20-21 DECEMBER 2017 	تقرير لجنة النقل واللوجستيات عن دورتها الثامنة عشرة، بيروت، 20 - 21 كانون الأول/ديسمبر 2017	T0002311;T0000261;T0006023;T0006045;T0002747;T0002419;T0005529;T0007920;T0006159
E/ESCWA/EDID/2017/IG.1/INF.1	10/30/2017	I1700632	INFORMATION NOTE : ECONOMIC AND SOCIAL COMMISSION FOR WESTERN ASIA (ESCWA), COMMITTEE ON TRANSPORT AND LOGISTICS, EIGHTEENTH SESSION, 20 - 21 DECEMBER 2017	مذكرة توضيحية :  اللجنة الاقتصادية والاجتماعية لغربي آسيا (الاسكوا). لجنة النقل واللوجستيات، الدورة الثامنة عشرة، بيروت، 20-21 كانون الاول/ديسمبر 2017	T0002311;T0000261;T0004792;T0006023;T0005529;T0007920
E/ESCWA/EDID/2017/IG.1/INF.2	12/13/2017	I1700778	LIST OF DOCUMENTS : ECONOMIC AND SOCIAL COMMISSION FOR WESTERN ASIA (ESCWA), COMMITTEE ON TRANSPORT AND LOGISTICS, EIGHTEENTH SESSION, 20 - 21 DECEMBER 2017	قائمة بالوثائق : اللجنة الاقتصادية والاجتماعية لغربي آسيا (الاسكوا). لجنة النقل واللوجستيات، الدورة الثامنة عشرة، بيروت، 20-21 كانون الاول/ديسمبر 2017	T0002311;T0000261;T0004781;T0006023;T0005529;T0007920
E/ESCWA/EDID/2017/IG.1/L.1	10/03/2017	I1700583	PROVISIONAL AGENDA AND ANNOTATIONS : ECONOMIC AND SOCIAL COMMISSION FOR WESTERN ASIA (ESCWA), COMMITTEE ON TRANSPORT AND LOGISTICS, EIGHTEENTH SESSION, 20 - 21 DECEMBER 2017	جدول الاعمال المؤقت والشروح : اللجنة الاقتصادية والاجتماعية لغربي آسيا (الاسكوا). لجنة النقل واللوجستيات، الدورة الثامنة عشرة، بيروت، 20-21 كانون الاول/ديسمبر 2017	T0002311;T0000261;T0005915
E/ESCWA/EDID/2017/IG.1/L.2	10/24/2017	I1700618	ORGANIZATION OF WORK : ECONOMIC AND SOCIAL COMMISSION FOR WESTERN ASIA (ESCWA), COMMITTEE ON TRANSPORT AND LOGISTICS, EIGHTEENTH SESSION, 20 - 21 DECEMBER 2017	تنظيم الاعمال : مذكرة من الامانة التنفيذية : اللجنة الاقتصادية والاجتماعية لغربي آسيا (الاسكوا). لجنة النقل واللوجستيات، الدورة الثامنة عشرة، بيروت، 20-21 كانون الاول/ديسمبر 2017	T0002311;T0000261;T0005999;T0006023;T0005529;T0007920
E/ESCWA/EDID/2017/IG.2/3	11/09/2017	I1700668	ACTIONS TAKEN IN THE FIELD OF FINANCING FOR DEVELOPMENT : ECONOMIC AND SOCIAL COMMISSION FOR WESTERN ASIA (ESCWA) COMMITTEE ON LIBERALIZATION OF FOREIGN TRADE, ECONOMIC GLOBALIZATION AND FINANCING FOR DEVELOPMENT, TWELFTH SESSION (FINANCING FOR DEVELOPMENT), BEIRUT, 4 - 5 DECEMBER 2017	التقدم المحرز في مجال تمويل التنمية : اللجنة الاقتصادية والاجتماعية لغربي آسيا (الاسكوا). اللجنة المعنية بتحرير التجارة الخارجية والعولمة الاقتصادية وتمويل التنمية، الدورة الثانية عشرة (تمويل التنمية)، بيروت، 4 - 5 كانون الاول/ديسمبر 2017	T0000930;T0007909;T0005529;T0006023;T0007920
E/ESCWA/EDID/2017/IG.2/3 (PART II)	08/09/2017	I1700465	ACTIONS TAKEN IN THE FIELD OF FINANCING FOR DEVELOPMENT : IMPLEMENTATION OF ACTIVITIES RELATED TO FINANCING FOR DEVELOPMENT UNDER THE ESCWA PROGRAMME OF WORK SINCE THE PREVIOUS SESSION OF THE COMMITTEE :  ECONOMIC AND SOCIAL COMMISSION FOR WESTERN ASIA (ESCWA) COMMITTEE ON LIBERALIZATION OF FOREIGN TRADE, ECONOMIC GLOBALIZATION AND FINANCING FOR DEVELOPMENT, TWELFTH SESSION (FINANCING FOR DEVELOPMENT), BEIRUT, 4 - 5 DECEMBER 2017	التقدم المحرز في مجال تمويل التنمية : تنفيذ الانشطة المتعلقة بتمويل التنمية في اطار برنامج عمل الاسكوا منذ الدورة السابقة للجنة : اللجنة الاقتصادية والاجتماعية لغربي آسيا (الاسكوا). اللجنة المعنية بتحرير التجارة الخارجية والعولمة الاقتصادية وتمويل التنمية، الدورة الثانية عشرة (تمويل التنمية)، بيروت، 4 - 5 كانون الاول/ديسمبر 2017	T0000930;T0007909;T0006000;T0006045;T0005529;T0006023;T0007920
E/ESCWA/EDID/2017/IG.2/3 (PART I)	08/09/2017	I1700461	ACTIONS TAKEN IN THE FIELD OF FINANCING FOR DEVELOPMENT : IMPLEMENTATION OF RECOMMENDATIONS MADE BY THE COMMITTEE AT ITS PREVIOUS SESSION : ECONOMIC AND SOCIAL COMMISSION FOR WESTERN ASIA (ESCWA) COMMITTEE ON LIBERALIZATION OF FOREIGN TRADE, ECONOMIC GLOBALIZATION AND FINANCING FOR DEVELOPMENT, TWELFTH SESSION (FINANCING FOR DEVELOPMENT), BEIRUT, 4 - 5 DECEMBER 2017	التقدم المحرز في مجال تمويل التنمية : تنفيذ التوصيات الصادرة عن اللجنة في دورتها السابقة : اللجنة الاقتصادية والاجتماعية لغربي آسيا (الاسكوا). اللجنة المعنية بتحرير التجارة الخارجية والعولمة الاقتصادية وتمويل التنمية، الدورة الثانية عشرة (تمويل التنمية)، بيروت، 4 - 5 كانون الاول/ديسمبر 2017	T0000930;T0007909;T0006159;T0006023;T0005529;T0007920
E/ESCWA/EDID/2017/IG.2/4	08/15/2017	I1700482	IMPLEMENTATION MECHANISMS OF THE ADDIS ABABA ACTION AGENDA : GLOBAL   COMMITMENTS VERSUS ARAB PRIORITIES IN THE FIELD OF FINANCING FOR DEVELOPMENT : ECONOMIC AND SOCIAL COMMISSION FOR WESTERN ASIA (ESCWA) COMMITTEE ON LIBERALIZATION OF FOREIGN TRADE, ECONOMIC GLOBALIZATION AND FINANCING FOR DEVELOPMENT, TWELFTH SESSION (FINANCING FOR DEVELOPMENT), BEIRUT, 4 - 5 DECEMBER 2017	آليات تنفيذ خطة عمل اديس ابابا : الالتزامات العالمية مقابل اولويات المنطقة العربية في مجال تمويل التنمية : اللجنة الاقتصادية والاجتماعية لغربي آسيا (الاسكوا). اللجنة المعنية بتحرير التجارة الخارجية والعولمة الاقتصادية وتمويل التنمية، الدورة الثانية عشرة (تمويل التنمية)، بيروت، 4 - 5 كانون الاول/ديسمبر 2017	T0000930;T0001129;T0010458;T0006023;T0005529;T0007920
E/ESCWA/EDID/2017/IG.2/5	11/09/2017	I1700670	THE ARAB FINANCING FOR DEVELOPMENT SCORECARD : ECONOMIC AND SOCIAL COMMISSION FOR WESTERN ASIA (ESCWA) COMMITTEE ON LIBERALIZATION OF FOREIGN TRADE, ECONOMIC GLOBALIZATION AND FINANCING FOR DEVELOPMENT, TWELFTH SESSION (FINANCING FOR DEVELOPMENT), BEIRUT, 4 - 5 DECEMBER 2017	بطاقة اداء تمويل التنمية في المنطقة العربية : اللجنة الاقتصادية والاجتماعية لغربي آسيا (الاسكوا). اللجنة المعنية بتحرير التجارة الخارجية والعولمة الاقتصادية وتمويل التنمية، الدورة الثانية عشرة (تمويل التنمية)، بيروت، 4 - 5 كانون الاول/ديسمبر 2017	T0000930;T0002647;T0000943;T0006023;T0005529;T0007920
E/ESCWA/EDID/2017/IG.2/5(PART III)	08/11/2017	I1700470	THE ARAB FINANCING FOR DEVELOPMENT SCORECARD : DOMESTIC AND INTERNATIONAL PRIVATE BUSINESS AND FINANCE : ECONOMIC AND SOCIAL COMMISSION FOR WESTERN ASIA (ESCWA) COMMITTEE ON LIBERALIZATION OF FOREIGN TRADE, ECONOMIC GLOBALIZATION AND FINANCING FOR DEVELOPMENT, TWELFTH SESSION (FINANCING FOR DEVELOPMENT), BEIRUT, 4 - 5 DECEMBER 2017	بطاقة اداء تمويل التنمية في المنطقة العربية : الاعمال التجارية والتمويلية الخاصة المحلية والدولية : اللجنة الاقتصادية والاجتماعية لغربي آسيا (الاسكوا). اللجنة المعنية بتحرير التجارة الخارجية والعولمة الاقتصادية وتمويل التنمية، الدورة الثانية عشرة (تمويل التنمية)، بيروت، 4 - 5 كانون الاول/ديسمبر 2017	T0000930;T0006234;T0001129;T0009835;T0001828;T0010631;T0005529;T0007920
E/ESCWA/EDID/2017/IG.2/5(PART II)	08/15/2017	I1700483	THE ARAB FINANCING FOR DEVELOPMENT SCORECARD : DOMESTIC PUBLIC RESOURCES : ECONOMIC AND SOCIAL COMMISSION FOR WESTERN ASIA (ESCWA) COMMITTEE ON LIBERALIZATION OF FOREIGN TRADE, ECONOMIC GLOBALIZATION AND FINANCING FOR DEVELOPMENT, TWELFTH SESSION (FINANCING FOR DEVELOPMENT), BEIRUT, 4 - 5 DECEMBER 2017	بطاقة اداء تمويل التنمية في المنطقةالعربية : الموارد العامة المحلية : اللجنة الاقتصادية والاجتماعية لغربي آسيا (الاسكوا). اللجنة المعنية بتحرير التجارة الخارجية والعولمة الاقتصادية وتمويل التنمية، الدورة الثانية عشرة (تمويل التنمية)، بيروت، 4 - 5 كانون الاول/ديسمبر 2017	T0000930;T0001129;T0006234;T0002664;T0006023;T0005529;T0007920
E/ESCWA/EDID/2017/IG.2/5(PART IV)	08/15/2017	I1700479	THE ARAB FINANCING FOR DEVELOPMENT SCORECARD : INTERNATIONAL DEVELOPMENT COOPERATION : ECONOMIC AND SOCIAL COMMISSION FOR WESTERN ASIA (ESCWA) COMMITTEE ON LIBERALIZATION OF FOREIGN TRADE, ECONOMIC GLOBALIZATION AND FINANCING FOR DEVELOPMENT, TWELFTH SESSION (FINANCING FOR DEVELOPMENT), BEIRUT, 4 - 5 DECEMBER 2017	بطاقة اداء تمويل التنمية في المنطقة العربية : التعاون الانمائي الدولي : اللجنة الاقتصادية والاجتماعية لغربي آسيا (الاسكوا). اللجنة المعنية بتحرير التجارة الخارجية والعولمة الاقتصادية وتمويل التنمية، الدورة الثانية عشرة (تمويل التنمية)، بيروت، 4 - 5 كانون الاول/ديسمبر 2017	T0000930;T0000160;T0000724;T0005529;T0006023;T0007920
E/ESCWA/EDID/2017/IG.2/5(PART I)	08/15/2017	I1700477	THE ARAB FINANCING FOR DEVELOPMENT SCORECARD : ECONOMIC AND SOCIAL COMMISSION FOR WESTERN ASIA (ESCWA) COMMITTEE ON LIBERALIZATION OF FOREIGN TRADE, ECONOMIC GLOBALIZATION AND FINANCING FOR DEVELOPMENT, TWELFTH SESSION (FINANCING FOR DEVELOPMENT), BEIRUT, 4 - 5 DECEMBER 2017	بطاقة اداء تمويل التنمية في المنطقة العربية : لمحة عن النتائج : اللجنة الاقتصادية والاجتماعية لغربي آسيا (الاسكوا). اللجنة المعنية بتحرير التجارة الخارجية والعولمة الاقتصادية وتمويل التنمية، الدورة الثانية عشرة (تمويل التنمية)، بيروت، 4 - 5 كانون الاول/ديسمبر 2017	T0000930;T0001129;T0006023;T0005529;T0007920
E/ESCWA/EDID/2017/IG.2/5(PART VI)	07/16/2017	I1700485	THE ARAB FINANCING FOR DEVELOPMENT SCORECARD : DEBT AND DEBT SUSTAINABILITY : ECONOMIC AND SOCIAL COMMISSION FOR WESTERN ASIA (ESCWA) COMMITTEE ON LIBERALIZATION OF FOREIGN TRADE, ECONOMIC GLOBALIZATION AND FINANCING FOR DEVELOPMENT, TWELFTH SESSION (FINANCING FOR DEVELOPMENT), BEIRUT, 4 - 5 DECEMBER 2017	بطاقة اداء تمويل التنمية في المنطقة العربية : الديون والقدرة على تحملها : اللجنة الاقتصادية والاجتماعية لغربي آسيا (الاسكوا). اللجنة المعنية بتحرير التجارة الخارجية والعولمة الاقتصادية وتمويل التنمية، الدورة الثانية عشرة (تمويل التنمية)، بيروت، 4 - 5 كانون الاول/ديسمبر 2017	T0010014;T0000942;T0000930;T0001013;T0001129;T0006023;T0005529;T0007920
E/ESCWA/EDID/2017/IG.2/5(PART V)	08/09/2017	I1700458	THE ARAB FINANCING FOR DEVELOPMENT SCORECARD : INTERNATIONAL TRADE AS AN ENGINE FOR DEVELOPMENT : ECONOMIC AND SOCIAL COMMISSION FOR WESTERN ASIA (ESCWA) COMMITTEE ON LIBERALIZATION OF FOREIGN TRADE, ECONOMIC GLOBALIZATION AND FINANCING FOR DEVELOPMENT, TWELFTH SESSION (FINANCING FOR DEVELOPMENT), BEIRUT, 4 - 5 DECEMBER 2017	بطاقة اداء تمويل التنمية في المنطقة العربية : التجارة الدولية كمحرك للتنمية : اللجنة الاقتصادية والاجتماعية لغربي آسيا (الاسكوا). اللجنة المعنية بتحرير التجارة الخارجية والعولمة الاقتصادية وتمويل التنمية، الدورة الثانية عشرة (تمويل التنمية)، بيروت، 4 - 5 كانون الاول/ديسمبر 2017	T0000930;T0002647;T0001129;T0006023;T0005529;T0007920
E/ESCWA/EDID/2017/IG.2/6	11/09/2017	I1700672	FINANCING THE 2030 AGENDA FOR SUSTAINABLE DEVELOPMENT IN THE ARAB COUNTRIES : ECONOMIC AND SOCIAL COMMISSION FOR WESTERN ASIA (ESCWA) COMMITTEE ON LIBERALIZATION OF FOREIGN TRADE, ECONOMIC GLOBALIZATION AND FINANCING FOR DEVELOPMENT, TWELFTH SESSION (FINANCING FOR DEVELOPMENT), BEIRUT, 4 - 5 DECEMBER 2017	تمويل خطة التنمية المستدامة لعام 2030 في المنطقة العربية : اللجنة الاقتصادية والاجتماعية لغربي آسيا (الاسكوا). اللجنة المعنية بتحرير التجارة الخارجية والعولمة الاقتصادية وتمويل التنمية، الدورة الثانية عشرة (تمويل التنمية)، بيروت، 4 - 5 كانون الاول/ديسمبر 2017	T0001129;T0006234;T0000930;T0006023;T0005529;T0007920
E/ESCWA/EDID/2017/IG.2/6/PANEL	08/09/2018	I1700462	FINANCING THE  2030 AGENDA FOR SUSTAINABLE DEVELOPMENT IN THE ARAB REGION : DOMESTIC RESOURCE MOBILIZATION BY CURBING ILLICIT FINANCIAL FLOWS AND TRADE MISINFORMING (PANEL DISCUSSION) : ECONOMIC AND SOCIAL COMMISSION FOR WESTERN ASIA (ESCWA) COMMITTEE ON LIBERALIZATION OF FOREIGN TRADE, ECONOMIC GLOBALIZATION AND FINANCING FOR DEVELOPMENT, TWELFTH SESSION (FINANCING FOR DEVELOPMENT), BEIRUT, 4 - 5 DECEMBER 2017	تمويل خطة التنمية لعام 2030 في المنطقة العربية : تعبئة الموارد المحلية من خلال كبح التدفقات المالية غير المشروعة والتلاعب بالفواتير التجارية (حلقة نقاش) : اللجنة الاقتصادية والاجتماعية لغربي آسيا (الاسكوا). اللجنة المعنية بتحرير التجارة الخارجية والعولمة الاقتصادية وتمويل التنمية، الدورة الثانية عشرة (تمويل التنمية)، بيروت، 4 - 5 كانون الاول/ديسمبر 2017	T0000930;T0001129;T0013308;T0000914;T0002632;T0006234;T0006023;T0005529;T0007920
E/ESCWA/EDID/2017/IG.2/7	08/09/2017	I1700456	FEASIBILITY OF  AN ARAB FORUM ON FINANCING FOR DEVELOPMENT : ECONOMIC AND SOCIAL COMMISSION FOR WESTERN ASIA (ESCWA) COMMITTEE ON LIBERALIZATION OF FOREIGN TRADE, ECONOMIC GLOBALIZATION AND FINANCING FOR DEVELOPMENT, TWELFTH SESSION (FINANCING FOR DEVELOPMENT), BEIRUT, 4 - 5 DECEMBER 2017	جدوى انشاء منتدى عربي لتمويل التنمية : اللجنة الاقتصادية والاجتماعية لغربي آسيا (الاسكوا). اللجنة المعنية بتحرير التجارة الخارجية والعولمة الاقتصادية وتمويل التنمية، الدورة الثانية عشرة (تمويل التنمية)، بيروت، 4 - 5 كانون الاول/ديسمبر 2017	T0000930;T0001129;T0005934;T0010393;T0005529;T0006023;T0007920
E/ESCWA/EDID/2017/IG.2/8	08/09/2017	I1700454	PROPOSED PROGRAMME OF WORK FOR THE BIENNIUM 2018 - 2019 IN THE FIELD OF FINANCING FOR DEVELOPMENT : ECONOMIC AND SOCIAL COMMISSION FOR WESTERN ASIA (ESCWA) COMMITTEE ON LIBERALIZATION OF FOREIGN TRADE, ECONOMIC GLOBALIZATION AND FINANCING FOR DEVELOPMENT, TWELFTH SESSION (FINANCING FOR DEVELOPMENT), BEIRUT, 4 - 5 DECEMBER 2017	برنامج العمل المقترح لفترة السنتين 2018 - 2019 في مجال تمويل التنمية : اللجنة الاقتصادية والاجتماعية لغربي آسيا (الاسكوا). اللجنة المعنية بتحرير التجارة الخارجية والعولمة الاقتصادية وتمويل التنمية، الدورة الثانية عشرة (تمويل التنمية)، بيروت، 4 - 5 كانون الاول/ديسمبر 2017	T0000930;T0006000;T0006045;T0006023;T0001129;T0005529;T0007920
E/ESCWA/EDID/2017/IG.2/9/REPORT	01/16/2018	I1800023	REPORT : TWELFTH SESSION OF THE COMMITTEE ON LIBERALIZATION OF FOREIGN TRADE, ECONOMIC GLOBALIZATION AND FINANCING FOR DEVELOPMENT (FOCUS ON FINANCE), BEIRUT, 4-5 DECEMBER 2017	تقرير اللجنة المعنية بتحرير التجارة الخارجية والعولمة الاقتصادية وتمويل التنمية عن دورتها الثانية عشرة(تمويل التنمية)، بيروت، 4 - 5 كانون الأول/ديسمبر 2017	T0002668;T0010311;T0000930;T0006023;T0006045;T0005529;T0007920
E/ESCWA/EDID/2017/IG.2/INF.1	11/06/2017	I1700659	INFORMATION NOTE : ECONOMIC AND SOCIAL COMMISSION FOR WESTERN ASIA (ESCWA) COMMITTEE ON LIBERALIZATION OF FOREIGN TRADE, ECONOMIC GLOBALIZATION AND FINANCING FOR DEVELOPMENT, TWELFTH SESSION (FINANCING FOR DEVELOPMENT), BEIRUT, 4 - 5 DECEMBER 2017	مذكرة توضيحية : اللجنة الاقتصادية والاجتماعية لغربي آسيا (الاسكوا). اللجنة المعنية بتحرير التجارة الخارجية والعولمة الاقتصادية وتمويل التنمية، الدورة الثانية عشرة (تمويل التنمية)، بيروت، 4 - 5 كانون الاول/ديسمبر 2017	T0000930;T0010311;T0002632;T0002668;T0006023;T0007920;T0005529
E/ESCWA/EDID/2017/IG.2/INF.2	11/08/2017	I1700666	LIST OF DOCUMENTS : ECONOMIC AND SOCIAL COMMISSION FOR WESTERN ASIA (ESCWA) COMMITTEE ON LIBERALIZATION OF FOREIGN TRADE, ECONOMIC GLOBALIZATION AND FINANCING FOR DEVELOPMENT, TWELFTH SESSION (FINANCING FOR DEVELOPMENT), BEIRUT, 4 - 5 DECEMBER 2017	قائمة بالوثائق : اللجنة الاقتصادية والاجتماعية لغربي آسيا (الاسكوا). اللجنة المعنية بتحرير التجارة الخارجية والعولمة الاقتصادية وتمويل التنمية، الدورة الثانية عشرة (تمويل التنمية)، بيروت، 4 - 5 كانون الاول/ديسمبر 2017	T0004781;T0000930;T0002668;T0010311;T0006023;T0007920
E/ESCWA/EDID/2017/IG.2/L.1	10/13/2017	I1700606	PROVISIONAL AGENDA AND ANNOTATIONS : ECONOMIC AND SOCIAL COMMISSION FOR WESTERN ASIA (ESCWA) COMMITTEE ON LIBERALIZATION OF FOREIGN TRADE, ECONOMIC GLOBALIZATION AND FINANCING FOR DEVELOPMENT, TWELFTH SESSION (FINANCING FOR DEVELOPMENT), BEIRUT, 4 - 5 DECEMBER 2017	جدول الاعمال المؤقت والشروح : اللجنة الاقتصادية والاجتماعية لغربي آسيا (الاسكوا). اللجنة المعنية بتحرير التجارة الخارجية والعولمة الاقتصادية وتمويل التنمية، الدورة الثانية عشرة (تمويل التنمية)، بيروت، 4 - 5 كانون الاول/ديسمبر 2017	T0005915;T0002668;T0010311;T0000930;T0005529;T0006023;T0007920
E/ESCWA/EDID/2017/IG.2/L.2	10/24/2017	I1700622	ORGANIZATION OF WORK : NOTE BY THE SECRETARIAT : ECONOMIC AND SOCIAL COMMISSION FOR WESTERN ASIA (ESCWA) COMMITTEE ON LIBERALIZATION OF FOREIGN TRADE, ECONOMIC GLOBALIZATION AND FINANCING FOR DEVELOPMENT, TWELFTH SESSION (FINANCING FOR DEVELOPMENT), BEIRUT, 4 - 5 DECEMBER 2017	تنظيم الاعمال : مذكرة من الامانة التنفيذية : اللجنة الاقتصادية والاجتماعية لغربي آسيا (الاسكوا). اللجنة المعنية بتحرير التجارة الخارجية والعولمة الاقتصادية وتمويل التنمية، الدورة الثانية عشرة (تمويل التنمية)، بيروت، 4 - 5 كانون الاول/ديسمبر 2017	T0005999;T0002668;T0000930;T0010311;T0006023;T0005529;T0007920
E/ESCWA/EDID/2017/IG.3/10	08/16/2017	I1700491	PROPOSED PROGRAMME OF WORK FOR THE BIENNIUM 2018 - 2019 IN THE FIELD OF FOREIGN TRADE LIBERALIZATION : ECONOMIC AND SOCIAL COMMISSION FOR WESTERN ASIA (ESCWA) COMMITTEE ON LIBERALIZATION OF FOREIGN TRADE, ECONOMIC GLOBALIZATION AND FINANCING FOR DEVELOPMENT, ELEVENTH SESSION (LIBERALIZATION OF FOREIGN TRADE), BEIRUT, 27 - 28 NOVEMBER 2017	برنامج العمل المقترح لفترة السنتين 2018 - 2019 في مجال تحرير التجارة الخارجية : اللجنة الاقتصادية والاجتماعية لغربي آسيا (الاسكوا). اللجنة المعنية بتحرير التجارة الخارجية والعولمة الاقتصادية وتمويل التنمية، الدورة الحادية عشرة (تحرير التجارة الخارجية)، بيروت، 27 - 28 تشرين الثاني/نوفمبر 2017	T0002668;T0000930;T0010311;T0006000;T0006023;T0006045;T0005529;T0007920
E/ESCWA/EDID/2017/IG.3/11/REPORT	01/02/2018	I1800051	REPORT : ELEVENTH SESSION OF THE COMMITTEE ON LIBERALIZATION OF FOREIGN TRADE, ECONOMIC GLOBALIZATION AND FINANCING FOR DEVELOPMENT (LIBERALIZATION OF FOREIGN TRADE), BEIRUT, 27-28 NOVEMBER 2017		T0002632;T0010311;T0006023;T0002668;T0006045;T0005529;T0007920
E/ESCWA/EDID/2017/IG.3/3	11/16/2018	I1700661	PROGRESS ACHIEVED IN THE LIBERALIZATION OF FOREIGN TRADE : ECONOMIC AND SOCIAL COMMISSION FOR WESTERN ASIA (ESCWA) COMMITTEE ON LIBERALIZATION OF FOREIGN TRADE, ECONOMIC GLOBALIZATION AND FINANCING FOR DEVELOPMENT, ELEVENTH SESSION (LIBERALIZATION OF FOREIGN TRADE), BEIRUT, 27 - 28 NOVEMBER 2017	التقدم المحرز في مجال تحرير التجارة الخارجية : اللجنة الاقتصادية والاجتماعية لغربي آسيا (الاسكوا). اللجنة المعنية بتحرير التجارة الخارجية والعولمة الاقتصادية وتمويل التنمية، الدورة الحادية عشرة (تحرير التجارة الخارجية)، بيروت، 27 - 28 تشرين الثاني/نوفمبر 2017	T0002632;T0002668;T0006023;T0006159;T0007920;T0006000;T0005529
E/ESCWA/EDID/2017/IG.3/3(PART II)	08/17/2017	I1700493	PROGRESS ACHIEVED IN THE LIBERALIZATION OF FOREIGN TRADE : IMPLEMENTATION OF FOREIGN TRADE LIBERALIZATION ACTIVITIES UNDER THE ESCWA PROGRAMME OF WROK AND TECHNICAL COOPERATION SINCE THE TENTH SESSION OF THE COMMITTEE : ECONOMIC AND SOCIAL COMMISSION FOR WESTERN ASIA (ESCWA) COMMITTEE ON LIBERALIZATION OF FOREIGN TRADE, ECONOMIC GLOBALIZATION AND FINANCING FOR DEVELOPMENT, ELEVENTH SESSION (LIBERALIZATION OF FOREIGN TRADE), BEIRUT, 27 - 28 NOVEMBER 2017	التقدم المحرز في مجال تحرير التجارة الخارجية : تنفيذ الانشطة المتعلقة بتحرير التجارة الخارجية في اطار برنامج عمل الاسكوا وأنشطة التعاون الفني منذ الدورة العاشرة للجنة : اللجنة الاقتصادية والاجتماعية لغربي آسيا (الاسكوا). اللجنة المعنية بتحرير التجارة الخارجية والعولمة الاقتصادية وتمويل التنمية، الدورة الحادية عشرة (تحرير التجارة الخارجية)، بيروت، 27 - 28 تشرين الثاني/نوفمبر 2017	T0002668;T0002632;T0007909;T0010311;T0000756;T0006023;T0005529;T0007920
E/ESCWA/EDID/2017/IG.3/3(PART I)	08/17/2017	I1700468		التقدم المحرز في مجال تحرير التجارة الخارجية : تنفيذ التوصيات الصادرة عن اللجنة في دورتها العاشرة : اللجنة الاقتصادية والاجتماعية لغربي آسيا (الاسكوا). اللجنة المعنية بتحرير التجارة الخارجية والعولمة الاقتصادية وتمويل التنمية، الدورة الحادية عشرة (تحرير التجارة الخارجية)، بيروت، 27 - 28 تشرين الثاني/نوفمبر 2017	T0002668;T0002632;T0006000;T0006124;T0006023;T0005529;T0007920
E/ESCWA/EDID/2017/IG.3/4	09/26/2017	I1700564	TRADE AND THE SUSTAINABLE DEVELOPMENT GOALS : ECONOMIC AND SOCIAL COMMISSION FOR WESTERN ASIA (ESCWA), COMMITTEE ON LIBERALIZATION OF FOREIGN TRADE, ECONOMIC GLOBALIZATION AND FINANCING FOR DEVELOPMENT, ELEVENTH SESSION (LIBERALIZATION OF FOREIGN TRADE) , BEIRUT, 27-28 NOVEMBER 2017	التجارة واهداف التنمية المستدامة : اللجنة الاقتصادية والاجتماعية لغربي آسيا (الاسكوا). اللجنة المعنية بتحرير التجارة الخارجية والعولمة الاقتصادية وتمويل التنمية، الدورة الحادية عشرة (تحرير التجارة الخارجية)، بيروت، 27 - 28 تشرين الثاني/نوفمبر 2017	T0002632;T0001129;T0010388;T0004342;T0006857;T0013980;T0003096;T0006023;T0005529;T0007920
E/ESCWA/EDID/2017/IG.3/5	08/11/2017	I1700472	IMPLEMENTATION OF TRADE FACILITATION MEASURES IN THE ARAB REGION : ECONOMIC AND SOCIAL COMMISSION FOR WESTERN ASIA (ESCWA) COMMITTEE ON LIBERALIZATION OF FOREIGN TRADE, ECONOMIC GLOBALIZATION AND FINANCING FOR DEVELOPMENT, ELEVENTH SESSION (LIBERALIZATION OF FOREIGN TRADE), BEIRUT, 27 - 28 NOVEMBER 2017	تنفيذ تدابير تسهيل التجارة في المنطقة العربية : اللجنة الاقتصادية والاجتماعية لغربي آسيا (الاسكوا). اللجنة المعنية بتحرير التجارة الخارجية والعولمة الاقتصادية وتمويل التنمية، الدورة الحادية عشرة (تحرير التجارة الخارجية)، بيروت، 27 - 28 تشرين الثاني/نوفمبر 2017	T0002747;T0002668;T0002632;T0006023;T0005529;T0007920
E/ESCWA/EDID/2017/IG.3/6	10/04/2017	I1700591	THE COST OF THE LACK OF ARAB-AFRICAN TRADE INTEGRATION : ECONOMIC AND SOCIAL COMMISSION FOR WESTERN ASIA (ESCWA) COMMITTEE ON LIBERALIZATION OF FOREIGN TRADE, ECONOMIC GLOBALIZATION AND FINANCING FOR DEVELOPMENT, ELEVENTH SESSION (LIBERALIZATION OF FOREIGN TRADE), BEIRUT, 27 - 28 NOVEMBER 2017	كلفة غياب التكامل التجاري العربي الافريقي : اللجنة الاقتصادية والاجتماعية لغربي آسيا (الاسكوا). اللجنة المعنية بتحرير التجارة الخارجية والعولمة الاقتصادية وتمويل التنمية، الدورة الحادية عشرة (تحرير التجارة الخارجية)، بيروت، 27 - 28 تشرين الثاني/نوفمبر 2017	T0002747;T0013314;T0005529;T0005325;T0006023;T0007920
E/ESCWA/EDID/2017/IG.3/7	10/04/2017	I1700590		التطور في مسار انشاء اتحاد جمركي عربي : اللجنة الاقتصادية والاجتماعية لغربي آسيا (الاسكوا). اللجنة المعنية بتحرير التجارة الخارجية والعولمة الاقتصادية وتمويل التنمية، الدورة الحادية عشرة (تحرير التجارة الخارجية)، بيروت، 27 - 28 تشرين الثاني/نوفمبر 2017	T0002618;T0005529;T0006023;T0007920
E/ESCWA/EDID/2017/IG.3/8	08/15/2017	I1700475	THE ROLE OF TRADE IN ECONOMIC TRANSFORMATION POLICIES : THE CASE OF JORDAN : ECONOMIC AND SOCIAL COMMISSION FOR WESTERN ASIA (ESCWA) COMMITTEE ON LIBERALIZATION OF FOREIGN TRADE, ECONOMIC GLOBALIZATION AND FINANCING FOR DEVELOPMENT, ELEVENTH SESSION (LIBERALIZATION OF FOREIGN TRADE), BEIRUT, 27 - 28 NOVEMBER 2017	دور التجارة في سياسات التحول الاقتصادي : الحالة الاردنية  : اللجنة الاقتصادية والاجتماعية لغربي آسيا (الاسكوا). اللجنة المعنية بتحرير التجارة الخارجية والعولمة الاقتصادية وتمويل التنمية، الدورة الحادية عشرة (تحرير التجارة الخارجية)، بيروت، 27 - 28 تشرين الثاني/نوفمبر 2017	T0002670;T0009802;T0009881;T0005533;T0006023;T0007920
E/ESCWA/EDID/2017/IG.3/9	09/26/2017	I1700566		الاتفاقات التجارية الدولية العملاقة وتداعياتها على الدول العربية : اللجنة الاقتصادية والاجتماعية لغربي آسيا (الاسكوا). اللجنة المعنية بتحرير التجارة الخارجية والعولمة الاقتصادية وتمويل التنمية، الدورة الحادية عشرة (تحرير التجارة الخارجية)، بيروت، 27 - 28 تشرين الثاني/نوفمبر 2017	T0002664;T0000151;T0006409;T0005529;T0006023;T0002729;T0007920
E/ESCWA/EDID/2017/IG.3/INF.1	10/30/2017	I1700629	INFORMATION NOTE : ECONOMIC AND SOCIAL COMMISSION FOR WESTERN ASIA (ESCWA) COMMITTEE ON LIBERALIZATION OF FOREIGN TRADE, ECONOMIC GLOBALIZATION AND FINANCING FOR DEVELOPMENT, ELEVENTH SESSION (LIBERALIZATION OF FOREIGN TRADE), BEIRUT, 27 - 28 NOVEMBER 2017	مذكرة توضيحية :  اللجنة الاقتصادية والاجتماعية لغربي آسيا (الاسكوا). اللجنة المعنية بتحرير التجارة الخارجية والعولمة الاقتصادية وتمويل التنمية، الدورة الحادية عشرة (تحرير التجارة الخارجية)، بيروت، 27 - 28 تشرين الثاني/نوفمبر 2017	T0002668;T0002632;T0006023;T0007920;T0005529;T0010311
E/ESCWA/EDID/2017/IG.3/INF.2	11/01/2018	I1700648	LIST OF DOCUMENTS : ECONOMIC AND SOCIAL COMMISSION FOR WESTERN ASIA (ESCWA) COMMITTEE ON LIBERALIZATION OF FOREIGN TRADE, ECONOMIC GLOBALIZATION AND FINANCING FOR DEVELOPMENT, ELEVENTH SESSION (LIBERALIZATION OF FOREIGN TRADE), BEIRUT, 27 - 28 NOVEMBER 2017	قائمة بالوثائق : اللجنة الاقتصادية والاجتماعية لغربي آسيا (الاسكوا). اللجنة المعنية بتحرير التجارة الخارجية والعولمة الاقتصادية وتمويل التنمية، الدورة الحادية عشرة (تحرير التجارة الخارجية)، بيروت، 27 - 28 تشرين الثاني/نوفمبر 2017	T0004781;T0002632;T0002668;T0000930;T0006023;T0006045;T0005529;T0007920
E/ESCWA/EDID/2017/IG.3/L.1	10/03/2017	I1700585	PROVISIONAL AGENDA AND ANNOTATIONS : ECONOMIC AND SOCIAL COMMISSION FOR WESTERN ASIA (ESCWA) COMMITTEE ON LIBERALIZATION OF FOREIGN TRADE, ECONOMIC GLOBALIZATION AND FINANCING FOR DEVELOPMENT, ELEVENTH SESSION (LIBERALIZATION OF FOREIGN TRADE), BEIRUT, 27 - 28 NOVEMBER 2017	جدول الاعمال المؤقت والشروح : اللجنة الاقتصادية والاجتماعية لغربي آسيا (الاسكوا). اللجنة المعنية بتحرير التجارة الخارجية والعولمة الاقتصادية وتمويل التنمية، الدورة الحادية عشرة (تحرير التجارة الخارجية)، بيروت، 27 - 28 تشرين الثاني/نوفمبر 2017	T0002668;T0002632;T0010311;T0005915;T0006023;T0007920;T0005529
E/ESCWA/EDID/2017/IG.3/L.2	10/19/2017	I1700612	ORGANIZATION OF WORK : NOTE BY THE SECRETARIAT : ECONOMIC AND SOCIAL COMMISSION FOR WESTERN ASIA (ESCWA) COMMITTEE ON LIBERALIZATION OF FOREIGN TRADE, ECONOMIC GLOBALIZATION AND FINANCING FOR DEVELOPMENT, ELEVENTH SESSION (LIBERALIZATION OF FOREIGN TRADE), BEIRUT, 27 - 28 NOVEMBER 2017	تنظيم العمل : مذكرة من الامانة التنفيذية : اللجنة الاقتصادية والاجتماعية لغربي آسيا (الاسكوا). اللجنة المعنية بتحرير التجارة الخارجية والعولمة الاقتصادية وتمويل التنمية، الدورة الحادية عشرة (تحرير التجارة الخارجية)، بيروت، 27 - 28 تشرين الثاني/نوفمبر 2017	T0002668;T0002632;T0010311;T0005999;T0006023;T0005529;T0007920;T0000930
E/ESCWA/EDID/2017/TECHNICAL PAPER.11	08/17/2017	I1800039	THE EFFECT OF GOVERNANCE ON THE ALLOCATION OF EXPENDITURE AND THE DISTRIBUTION OF REVENUE: EVIDENCE FROM SELECTED ARAB COUNTRIES		T0010312;T0000818;T0000799;T0000670;T0009995;T0006039;T0005729;T0000128;T0009881;T0000517;T0005342;T0005542;T0005383;T0005545
E/ESCWA/EDID/2018/TP.4 	07/31/2018	I1899999	IMPROVING ARAB REGIONAL DEVELOPMENT PLANNING: AN ASSESSMENT OF GOOD ECONOMIC GOVERNANCE TOOLS TO SUPPORT SCIENCE, TECHNOLOGY, AND INNOVATION POLICY-MAKING 		T0010312;T0000626;T0010171;T0004928;T0001819;T0001129;T0005529
E/ESCWA/OES/2015/WP.1	12/22/2015	I1500537	DOES GENDER JUSTICE MATTER ?		T0010388;T0010387;T0000472;T0005529
E/ESCWA/OES/2015/WP.2	12/22/2015	I1500539	DEVELOPMENT POLICY CHANGE ODELS THE PRACTITIONERS’ VIEW		T0000723;T0010171;T0010691;T0005529
E/ESCWA/OES/2015/WP.3	12/22/2015	I1500545	INEQUALITY OF OPPORTUNITY IN EDUCATION IN THE ARAB REGION		T0003537;T0006282;T0004281;T0005529;T0003964
E/ESCWA/OES/2015/WP.4	12/22/2015	I1500543	ECONOMIC GROWTH, EMPLOYMENT AND POVERTY IN DEVELOPING ECONOMIES: A FOCUS ON ARAB REGION		T0000670;T0003677;T0004246;T0004342;T0005529;T0006836
E/ESCWA/OES/2015/WP.6	12/22/2015	I1500547	THE ROLE OF WOMEN NGOS IN EMPOWERING WOMEN IN LEBANON: A LIFE-LONG PARTNER TO GENDER JUSTICE?		T0006857;T0010408;T0000172;T0010387;T0010388;T0003988;T0005535
E/ESCWA/OES/2015/WP.7	12/29/2015	I1500554	OPPORTUNITIES FOR EARLY CHILDHOOD DEVELOPMENT IN ARAB COUNTRIES: PROFILE AND EVOLUTION OF INEQUALITY AND ITS SOURCES		T0013392;T0002889;T0004336;T0009940;T0003234;T0010457;T0005529;T0003988
E/ESCWA/OES/2015/WP.8	12/29/2015	I1500556	PERCEPTIONS OF INEQUALITY AND SOCIAL JUSTICE IN THE ARAB REGION		T0004281;T0003964;T0005529
E/ESCWA/OES/2018/1	06/05/2018	I1800159	ECONOMIC AND SOCIAL COMMISSION FOR WESTERN ASIA ANNUAL REPORT 2017		T0006124;T0006045;T0005547;T0000731;T0004271;T0004271;T0001129
E/ESCWA/RFSD/2018/6/REPORT	05/20/2018	I1800239	REPORT 2018 ARAB FORUM FOR SUSTAINABLE DEVELOPMENT “NATURAL RESOURCES, FUTURE GENERATIONS AND THE COMMON GOOD” UNITED NATIONS HOUSE, BEIRUT, 24-26 APRIL 2018		T0001129;T0001119;T0010458;T0000172;T0004924;T0000090;T0000033;T0000722;T0004317;T0003537;T0005529;T0007920
E/ESCWA/SDD/2011/WG.5/7/REPORT	09/09/2011	I1100229	REPORT : WORKSHOP ON STRENGTHENING DIALOGUE BETWEEN ESCWA AND ESCAP COUNTRIES ON INTERNATIONAL MIGRATION AND DEVELOPMENT, BEIRUT, 28-30 JUNE 2011		T0002805;T0005547;T0005770
E/ESCWA/SDD/2013/4/MANUAL	01/25/2013	I1300319		السياسة الوطنية للشباب : تقرير تقني حول القضايا والأولويات والسياسات المتعلقة بالشباب في بعض الدول العربية	T0004317;T0003643;T0013391;T0004318;T0010646;T0004357;T0003537;T0002519;T0006201;T0005529;T0013803
E/ESCWA/SDD/2013/5/MANUAL	03/13/2013	I1300320		السياسة الوطنية للشباب : دليل مرجعي	T0010646;T0004318;T0010458;T0013803;T0006699;T0000658;T0004286;T0002519;T0006386;T0000667;T0004051;T0004246;T0003537;T0005529;T0004830
E/ESCWA/SDD/2016/CP.2	11/16/2016	I1600305	SOCIAL PROTECTION COUNTRY PROFILE: MAURITANIA		T0004349;T0004347;T0002300;T0000648;T0001822;T0005361
E/ESCWA/SDD/2016/TECHNICAL PAPER.4	09/20/2016	I1600242	WORKING PAPER : SLUM UPGRADING IN THE ARAB REGION		T0003099;T0003116;T0003122;T0005937;T0005529
E/ESCWA/SDD/2017/1	05/22/2018	I1700507	2017 SITUATION REPORT ON INTERNATIONAL MIGRATION MIGRATION IN THE ARAB REGION AND THE 2030 AGENDA FOR SUSTAINABLE DEVELOPMENT		T0002805;T0003899;T0006234;T0005725;T0013803;T0001129;T0005529
E/ESCWA/SDD/2017/2	01/25/2017	I1700604	STRENGTHENING SOCIAL PROTECTION FOR PERSONS WITH DISABILITIES IN ARAB COUNTRIES 		T0004349;T0003428;T0001129;T0005529
E/ESCWA/SDD/2017/6	08/07/2018	I1800180	SOCIAL DEVELOPMENT REPORT 2  : INEQUALITY, AUTONOMY AND CHANGE IN THE ARAB REGION		T0004271;T0004271;T0003988;T0003537;T0000013;T0004281;T0000806;T0003720;T0005529
E/ESCWA/SDD/2017/COUNTRY PROFILES	12/26/2017	I1700631	THE DEMOGRAPHIC PROFILES OF ARAB STATES, 2017		T0002778;T0002777;T0005725;T0003906;T0003537;T0003899;T0002790;T0003716;T0003643;T0005529;T0006836
E/ESCWA/SDD/2017/IG.1/6/REPORT	11/20/2017	I1700704	REPORT  ELEVENTH SESSION OF THE COMMITTEE ON SOCIAL DEVELOPMENT, KHARTOUM, 17-18 OCTOBER 2017	تقرير لجنة التنمية عن دورتها الحادية عشرة، الخرطوم، 17 - 18 تشرين الاول/اكتوبر 2017	T0004268;T0004281;T0003112;T0002763;T0006000;T0005529;T0006023;T0007920
E/ESCWA/SDD/2017/MANUAL.1	04/03/2018	I1700686			T0004316;T0009126;T0004317;T0002794;T0004729;T0005698;T0005529;T0003650
E/ESCWA/SDD/2017/MANUAL.2	04/03/2018	I1700685			T0004317;T0002794;T0009126;T0004316;T0005698;T0004729;T0003650;T0005529
E/ESCWA/SDD/2017/TECHNICAL PAPER.1	01/16/2017	I1700198	INEQUALITY IN THE SDGS : FIGHTING MULTIDIMENSIONAL INEQUALITY IN THE ARAB REGION		T0003964;T0014017;T0001129;T0005529;T0003969;T0006386;T0002519;T0004246;T0005151;T0006159
E/ESCWA/SDD/2017/TECHNICAL PAPER.12	10/24/2017	I1800050	AGEING IN ESCWA MEMBER STATES: THIRD REVIEW AND APPRAISAL OF THE MADRID INTERNATIONAL PLAN OF ACTION ON AGEING		T0004030;T0003677;T0004349;T0006055;T0003222;T0003275;T0005529
E/ESCWA/SDD/2017/TECHNICAL PAPER.14	11/21/2017	I1700707	CHANGES IN PUBLIC EXPENDITURE ON SOCIAL PROTECTION IN ARAB COUNTRIES		T0004349;T0004351;T0000815;T0000819;T0005342;T0005383;T0005533;T0005538;P0000586
E/ESCWA/SDD/2017/TECHNICAL PAPER.16	01/24/2018	I1800042		الأطر الدولية التي تعالج قضايا كبار السن والشيخوخة	T0003434;T0004030;T0001129;T0002778;T0002841;T0002839;T0005529
E/ESCWA/SDD/2017/TECHNICAL PAPER.20	01/08/2018	I1800018	2017 SITUATION REPORT ON INTERNATIONAL MIGRATION: MIGRATION IN THE ARAB REGION AND THE 2030 AGENDA FOR SUSTAINABLE DEVELOPMENT : EXECUTIVE SUMMARY		T0002805;T0001129;T0005529
E/ESCWA/SDD/2017/TECHNICAL PAPER.3	05/10/2017	I1700328	INTERGENERATIONAL JUSTICE: MEETING THE NEEDS OF THE FUTURE ARAB GENERATIONS		T0004281;T0004352;T0001129;T0000814;T0004324;T0004246;T0001145;T0005529;T0000631
E/ESCWA/SDD/2017/TECHNICAL PAPER.4	05/19/2017	I1700336	CONDITIONAL CASH TRANSFERS IN THE ARAB REGION		T0009520;T0000598;T0005529;T0004342;T0010013
E/ESCWA/SDD/2017/TECHNICAL PAPER.5	05/19/2017	I1700337	THE SOCIAL IMPACTS OF ENERGY SUBSIDY REFORM IN THE ARAB REGION		T0001406;T0001407;T0000819;T0005991;T0005529
E/ESCWA/SDD/2017/TECHNICAL PAPER.7	08/01/2017	I1700439	SOCIAL HOUSING IN THE ARAB REGION: AN OVERVIEW OF POLICIES FOR LOW-INCOME HOUSEHOLDS’ ACCESS TO ADEQUATE HOUSING		T0003140;T0009922;T0003070;T0003158;T0000686;T0002797;T0005529
E/ESCWA/SDD/2017/TECHNICAL PAPER.8	11/01/2017	I1700488	SOCIAL DEVELOPMENT BULLETIN : INTERNATIONAL HUMAN RIGHTS LAW AND THE 2030 AGENDA FOR SUSTAINABLE DEVELOPMENT, VOLUME 6, ISSUE 3		T0004271;T0004271;T0004271;T0004271;T0004271;T0004271;T0004271;T0004271;T0004002;T0000562;T0001129
E/ESCWA/SDD/2017/WG.7/REPORT	01/16/2018	I1800025			T0001129;T0000058;T0005529;T0007920
E/ESCWA/SDD/2018/1	08/14/2018	I1800248	DISABILITY IN THE ARAB REGION, 2018		T0003428;T0005928;T0006729;T0003677;T0004268;T0006836;T0005529
E/ESCWA/SDD/2018/PAMPHLET.1	01/30/2018	I1800001	ESCWA APPROACH TO KEY SOCIAL GROUPS AND EMERGING ISSUES IN THE ARAB REGION		T0004274;T0004317;T0004030;T0003428;T0001129;T0003988;T0005529
E/ESCWA/SDD/2018/PAMPHLET.2	02/20/2018	I1800031	OBSERVANCE OF THE ELEVENTH WORLD DAY OF SOCIAL JUSTICE “CELEBRATING EQUALITY AND JUSTICE IN THE WORK OF GIBRAN KHALIL GIBRAN” TUESDAY, 20 FEBRUARY 2018, UNITED NATIONS HOUSE, BEIRUT	الاحتفال الحادي عشر باليوم العالمي للعدالة الاجتماعية “المساواة والعدالة في الأعمال الأدبية والفنية لجبران خليل جبران”، الثلاثاء 20 شباط/فبراير 2018، بيت الأمم المتحدة، بيروت	T0004281;T0004578;T0005529;T0004845;T0006045;T0006124
E/ESCWA/SDPD/2013/PAMPHLET.3	08/01/2013	I1300203	REGIONAL INITIATIVE FOR THE ASSESSMENT OF THE IMPACT OF CLIMATE CHANGE ON WATER RESOURCES AND SOCIO-ECONOMIC VULNERABILITY IN THE ARAB REGION (RICCAR) 		T0005151;T0001251;T0005991;T0005928;T0005529;T0004845
E/ESCWA/SDPD/2014/WP.1	12/16/2014	I1400366	AN ACCOUNTABILITY FRAMEWORK FOR THE POST-2015 DEVELOPMENT AGENDA: AN ARAB REGIONAL PERSPECTIVE		T0000718;T0001129;T0000769;T0001008;T0010622;T0002670;T0005529;T0005325;T0005493
E/ESCWA/SDPD/2015/2/MANUAL	06/04/2015	I1500301	PROMOTING ENERGY EFFICIENCY INVESTMENTS FOR CLIMATE CHANGE MITIGATION AND SUSTAINABLE DEVELOPMENT : A GUIDEBOOK FOR PROJECT DEVELOPERS FOR PREPARING ENERGY EFFICIENCY INVESTMENTS BUSINESS PLANS		T0006730;T0001129;T0005151;T0005529;T0004830
E/ESCWA/SDPD/2015/WP.3	03/13/2015	I1500193		المجتمع المدني ومهام المساءلة والمحاسبة في اطار خطة ما بعد 2015	T0010458;T0000769;T0000723;T0000724;T0005529
E/ESCWA/SDPD/2017/1	08/28/2017	I1700625			
E/ESCWA/SDPD/2017/2	02/13/2017	I1700789	ARAB REGION PROGRESS IN SUSTAINABLE ENERGY : GLOBAL TRACKING FRAMEWORK REGIONAL REPORT		T0010442;T0001118;T0001119;T0001422;T0006730;T0000731;T0001402;T0005529;T0007199
E/ESCWA/SDPD/2017/CP.10	07/25/2017	I1700748	CASE STUDY ON POLICY REFORMS TO PROMOTE RENEWABLE ENERGY IN GEORGIA : UNITED NATIONS DEVELOPMENT ACCOUNT PROJECT ON PROMOTING RENEWABLE ENERGY INVESTMENTS FOR CLIMATE CHANGE MITIGATION AND SUSTAINABLE DEVELOPMENT		T0001422;T0001126;T0005151;T0013803;T0009881;T0010112
E/ESCWA/SDPD/2017/CP.11	07/04/2017	I1700749	CASE STUDY ON POLICY REFORMS TO PROMOTE RENEWABLE ENERGY IN KAZAKHSTAN : UNITED NATIONS DEVELOPMENT ACCOUNT PROJECT ON PROMOTING RENEWABLE ENERGY INVESTMENTS FOR CLIMATE CHANGE MITIGATION AND SUSTAINABLE DEVELOPMENT		T0001422;T0001126;T0005151;T0010066;T0009881;T0013803;T0001129
E/ESCWA/SDPD/2017/CP.12	07/24/2017	I1700750	CASE STUDY ON POLICY REFORMS TO PROMOTE RENEWABLE ENERGY IN SERBIA : UNITED NATIONS DEVELOPMENT ACCOUNT PROJECT ON PROMOTING RENEWABLE ENERGY INVESTMENTS FOR CLIMATE CHANGE MITIGATION AND SUSTAINABLE DEVELOPMENT		T0001422;T0001126;T0005151;T0009881;T0013803;T0013668
E/ESCWA/SDPD/2017/CP.13	07/04/2017	I1700751	CASE STUDY ON POLICY REFORMS TO PROMOTE RENEWABLE ENERGY IN UKRAINE : UNITED NATIONS DEVELOPMENT ACCOUNT PROJECT ON PROMOTING RENEWABLE ENERGY INVESTMENTS FOR CLIMATE CHANGE MITIGATION AND SUSTAINABLE DEVELOPMENT		T0001422;T0001126;T0005151;T0009881;T0009963;T0013803
E/ESCWA/SDPD/2017/CP.6	03/22/2018	I1700728	CASE STUDY ON POLICY REFORMS TO PROMOTE RENEWABLE ENERGY IN MOROCCO : UN DEVELOPMENT ACCOUNT PROJECT ON PROMOTING  RENEWABLE ENERGY INVESTMENTS FOR CLIMATE CHANGE MITIGATION AND SUSTAINABLE DEVELOPMENT		T0001422;T0001406;T0001129;T0010442;T0002249;T0001438;T0001445;T0005151;T0013234;T0009835;T0004271;T0004271;T0004186;T0006159;T0005363;T0009881
E/ESCWA/SDPD/2017/CP.7	05/02/2018	I1700730	CASE STUDY ON POLICY REFORMS TO PROMOTE RENEWABLE ENERGY IN LEBANON : UNITED NATIONS DEVELOPMENT ACCOUNT PROJECT ON PROMOTING RENEWABLE ENERGY INVESTMENTS FOR CLIMATE CHANGE MITIGATION AND SUSTAINABLE DEVELOPMENT		T0001422;T0001406;T0001129;T0010442;T0005151;T0009881;T0005535
E/ESCWA/SDPD/2017/CP.8	05/01/2018	I1700731	CASE STUDY ON POLICY REFORMS TO PROMOTE RENEWABLE ENERGY IN THE UNITED ARAB EMIRATES : UNITED NATIONS DEVELOPMENT ACCOUNT PROJECT ON PROMOTING RENEWABLE ENERGY INVESTMENTS FOR CLIMATE CHANGE MITIGATION AND SUSTAINABLE DEVELOPMENT		T0001422;T0001406;T0009881;T0005151;T0001129;T0010442;T0005545
E/ESCWA/SDPD/2017/CP.9	05/23/2018	I1700747	CASE STUDY ON POLICY REFORMS TO PROMOTE RENEWABLE ENERGY IN JORDAN : UNITED NATIONS DEVELOPMENT ACCOUNT PROJECT ON PROMOTING RENEWABLE ENERGY INVESTMENTS FOR CLIMATE CHANGE MITIGATION AND SUSTAINABLE DEVELOPMENT		T0001422;T0009881;T0001406;T0005151;T0010442;T0001129;T0005533
E/ESCWA/SDPD/2017/IG.2/8/REPORT	08/01/2017	I1700437	REPORT OF THE ELEVENTH SESSION OF THE COMMITTEE ON ENERGY, CAIRO, 14 - 16 MAY 2017	تقرير لجنة الطاقة عن دورتها الحادية عشرة، القاهرة، 14 - 16 ايار/مايو 2017	T0001407;T0001422;T0001129;T0001251;T0005151;T0006023;T0006045;T0005529;T0007920
E/ESCWA/SDPD/2017/PAMPHLET.1	12/26/2017	I1700798	GREEN HELP DESKS FURTHER GREEN TECHNOLOGIES IN THE ARAB REGION GREEN HELP DESKS IN SIX ARAB COUNTRIES SUPPORTING TECHNOLOGY TRANSFER		T0013980;T0004948;T0013613;T0001819;T0004946;T0005342;T0005533;T0005535;T0005363;T0005538;T0005383;T0001129;T0001828;T0010631
E/ESCWA/SDPD/2017/RICCAR/SUMMARY	08/28/2017	I1700802	ARAB CLIMATE CHANGE ASSESSMENT REPORT : EXECUTIVE SUMMARY		T0005151;T0001226;T0001238;T0005168;T0010201;T0005529
E/ESCWA/SDPD/2017/TECHNICAL PAPER.10	12/21/2017	I1700792	PROGRESS ON SUSTAINABLE CONSUMPTION AND PRODUCTION IN THE ARAB REGION (DRAFT) : COMPREHENSIVE BASELINE ASSESSMENT OF REGIONAL, SUB-REGIONAL AND NATIONAL PROGRESS AND CHALLENGES FOR ACHIEVING SCP AND THE SDGS		T0013191;T0001129;T0005529;T0009794;T0005151;T0003112;T0001251
E/ESCWA/SDPD/2017/TECHNICAL PAPER.11	12/21/2017	I1700793	METHODOLOGY FOR MEASURING SUSTAINABLE DEVELOPMENT TARGETS AND INDICATORS RELATED TO FOOD SECURITY: A REVIEW OF SELECTED METHODOLOGIES TO ASSESS FOOD SECURITY		T0006736;T0003218;T0001129;T0005529
E/ESCWA/SDPD/2017/TECHNICAL PAPER.12	12/21/2017	I1700794	ENHANCING ENVIRONMENTAL PROTECTION IN THE ARAB REGION THROUGH IMPLEMENTING THE ENVIRONMENTAL DIMENSION OF SDGS		T0001145;T0001129;T0000723;T0005529;T0005970
E/ESCWA/SDPD/2017/TECHNICAL PAPER.13	01/03/2018	I1800003	OVERVIEW OF SHARED WATER RESOURCES MANAGEMENT IN THE ARAB REGION FOR INFORMING PROGRESS ON SDG 6.5		T0001238;T0001252;T0005529;T0001129
E/ESCWA/SDPD/2017/TECHNICAL PAPER.15	01/08/2018	I1800015		تأثير ترشيد دعم أسعار الطاقة على الترويج لكفاءة الطاقة والطاقة المتجددة في الدول العربية ، كانون الأول/ديسمبر 2017	T0006423;T0006730;T0001422;T0001402;T0005529
E/ESCWA/SDPD/2017/TECHNICAL PAPER.2	12/27/2017	I1700680	GUIDEBOOK FOR PROJECT DEVELOPERS FOR PREPARING RENEWABLE ENERGY INVESTMENTS BUSINESS PLANS 		T0001422;T0010464;T0006244;T0005970;T0001800;T0006730;T0005529
E/ESCWA/SDPD/2017/TECHNICAL PAPER.4	11/14/2017	I1700683	FACT SHEET: NATURAL GAS VEHICLE IN TRANSPORTATION IN THE ARAB REGION		T0001421;T0013515;T0002311;T0005529
E/ESCWA/SDPD/2017/TECHNICAL PAPER.8	12/08/2017	I1700764	SUBSIDY REFORM AND ENVIRONMENTAL SUSTAINABILITY IN THE ARAB REGION : WORKING PAPER		T0000819;T0010138;T0001129;T0009835;T0000621;T0001815;T0001251;T0001407;T0005529
E/ESCWA/SDPD/2017/TECHNICAL PAPER.9	12/11/2017	I1700767	REDUCING FOOD LOSS AND WASTE THROUGH THE IMPLEMENTATION OF THE SDGS AND THE ADOPTION OF GOOD AGRICULTURAL PRACTICES IN THE ARAB REGION		T0003199;T0003201;T0003206;T0001129;T0009794;T0005529
E/ESCWA/SDPD/2017/TOOLKIT.3	11/06/2017	I1700505	DEVELOPING THE CAPACITY OF ESCWA MEMBER COUNTRIES TO ADDRESS THE WATER AND ENERGY NEXUS FOR ACHIEVING SUSTAINABLE DEVELOPMENT GOALS WATER AND ENERGY NEXUS OPERATIONAL TOOLKIT : TECHNOLOGY TRANSFER MODULE		T0001252;T0006309;T0001129;T0010442;T0004948;T0004928;T0004924;T0005529
E/ESCWA/SDPD/2017/WG.19/REPORT	12/22/2017	I1700797			T0001129;T0005930;T0006836;T0007199;T0005529;T0007920
E/ESCWA/SDPD/2017/WG.9/REPORT	09/12/2017	I1700529	REPORT : REGIONAL CAPACITY BUILDING WORKSHOP ON THE WATER-ENERGY NEXUS OPERATIONAL TOOLKIT: RENEWABLE ENERGY BEIRUT, 11-12 JULY 2017		T0010275;T0001252;T0006309;T0001422;T0005935;T0001129;T0010442;T0005529;T0007920
E/ESCWA/SDPD/2018/INF.2	05/04/2018	I1800222	WORLD DAY TO COMBAT DESERTIFICATION AND DROUGHT 2018 SMART CHOICES TO PRESERVE OUR LAND		T0001261;T0001285;T0005529
E/ESCWA/SDPD/2018/TECHNICAL PAPER.14	01/08/2018	I1800014	REPORT ON CARBON CAPTURE UTILIZATION AND STORAGE CHALLENGES AND OPPORTUNITIES FOR THE ARAB REGION		T0013684;T0005151;T0004948;T0000747;T0005935;T0006165;T0001129;T0005529
E/ESCWA/SD/2017/IG.1/7/REPORT	10/09/2017	I1700598	REPORT : TWELFTH SESSION OF THE STATISTICAL COMMITTEE, BEIRUT, 4 - 5 APRIL 2017	تقرير اللجنة الاحصائية عن دورتها الثانية عشرة، بيروت، 4 -5 نيسان/ابريل 2017	T0000896;T0006023;T0006045;T0005529;T0007920;T0006000;T0001129;T0005949
E/ESCWA/SD/2017/TECHNICAL PAPER.4	05/17/2018	I1800006	METHODOLOGICAL STUDY ON ECONOMIC STATISTICS : ISLAMIC FINANCE IN THE NATIONAL ACCOUNTS		T0000880;T0010321;T0000988;T0000689
E/ESCWA/SD/2017/WG.3/REPORT	09/27/2017	I1700573	REPORT : SECOND MEETING OF THE TASK FORCE ON THE POPULATION AND HOUSING CENSUSES IN ARAB COUNTRIES, 2020 CENSUS ROUND CAIRO, 22-23 JANUARY 2017	 تقرير:  الاجتماع الثاني  لفريق العمل الاقليمي للدول العربية حول دورة عام  2020 لتعدادات السكان والمساكن، القاهرة 22 - 23 كانون الثاني / يناير 2017	T0002834;T0003141;T0007896;T0005529;T0007920
E/ESCWA/SD/2017/WG.4/REPORT	03/05/2018	I1800102	REPORT : EXPERT GROUP MEETING ON RECORD LINKAGE STUDIES TO ASSESS COMPLETENESS OF DEATH REGISTRATION, BEIRUT, 21 - 22 DECEMBER 2017		T0002774;T0002770;T0005529;T0007920
E/ESCWA/SD/2018/1	08/23/2018	I1800200			T0002679;T0002643;T0002630;T0005529;T0005709
E/ESCWA/SD/2018/MANUAL.1	09/12/2018	I1800099	REGIONAL GUIDEBOOK TO IMPROVE DISABILITY DATA COLLECTION AND ANALYSIS IN THE ARAB COUNTRIES : IMPLEMENTING THE WASHINGTON GROUP QUESTIONS ON FUNCTIONING		T0007199;T0010241;T0005529;T0004830
E/ESCWA/TDD/2017/2	04/02/2018	I1700675	PERSPECTIVES ON THE DIGITAL ECONOMY IN THE ARAB REGION		T0010278;T0000626;T0006386;T0002519;T0001800;T0004924;T0005928;T0005991;T0005529
E/ESCWA/TDD/2017/WG.4/REPORT	02/17/2018	I1800091	REPORT : WORKSHOP ON FOSTERING INNOVATION IN THE PUBLIC SECTORS OF ARAB COUNTRIES, CAIRO, 30 - 31 OCTOBER 2017		T0001819;T0000648;T0005698;T0005529;T0007920
E/ESCWA/TDD/2018/INF.1	07/25/2018	I1800229	FOSTERING OPEN GOVERNMENT IN THE ARAB REGION		T0000775;T0010278;T0001819;T0000718;T0010312;T0005529
